sample_id,redist
0,0.0
1,0.05263157894736842
2,0.10526315789473684
3,0.15789473684210525
4,0.21052631578947367
5,0.2631578947368421
6,0.3157894736842105
7,0.3684210526315789
8,0.42105263157894735
9,0.47368421052631576
10,0.5263157894736842
11,0.5789473684210527
12,0.631578947368421
13,0.6842105263157894
14,0.7368421052631579
15,0.7894736842105263
16,0.8421052631578947
17,0.894736842105263
18,0.9473684210526315
19,1.0
