sample_id,growth
0,0.0
1,0.5263157894736842
2,1.0526315789473684
3,1.5789473684210527
4,2.1052631578947367
5,2.631578947368421
6,3.1578947368421053
7,3.6842105263157894
8,4.2105263157894735
9,4.7368421052631575
10,5.263157894736842
11,5.789473684210526
12,6.315789473684211
13,6.842105263157895
14,7.368421052631579
15,7.894736842105263
16,8.421052631578947
17,8.947368421052632
18,9.473684210526315
19,10.0
